DATE,NIKKEI225
2024-08-05,31458.42
2024-08-06,34675.46
2024-08-07,35089.62
2024-08-08,34831.15
2024-08-09,35025.0
2024-08-13,36232.51
2024-08-14,36442.43
2024-08-15,36726.64
2024-08-16,38062.67
2024-08-19,37388.62
2024-08-20,38062.92
2024-08-21,37951.8
2024-08-22,38211.01
2024-08-23,38364.27
2024-08-26,38110.22
2024-08-27,38288.62
2024-08-28,38371.76
2024-08-29,38362.53
2024-08-30,38647.75
2024-09-02,38700.87
2024-09-03,38686.31
2024-09-04,37047.61
2024-09-05,36657.09
2024-09-06,36391.47
2024-09-09,36215.75
2024-09-10,36159.16
2024-09-11,35619.77
2024-09-12,36833.27
2024-09-13,36581.76
2024-09-17,36203.22
2024-09-18,36380.17
2024-09-19,37155.33
2024-09-20,37723.91
2024-09-24,37940.59
2024-09-25,37870.26
2024-09-26,38925.63
2024-09-27,39829.56
2024-09-30,37919.55
2024-10-01,38651.97
2024-10-02,37808.76
2024-10-03,38552.06
2024-10-04,38635.62
2024-10-07,39332.74
2024-10-08,38937.54
2024-10-09,39277.96
2024-10-10,39380.89
2024-10-11,39605.8
2024-10-15,39910.55
2024-10-16,39180.3
2024-10-17,38911.19
2024-10-18,38981.75
2024-10-21,38954.6
2024-10-22,38411.96
2024-10-23,38104.86
2024-10-24,38143.29
2024-10-25,37913.92
2024-10-28,38605.53
2024-10-29,38903.68
2024-10-30,39277.39
2024-10-31,39081.25
2024-11-01,38053.67
2024-11-05,38474.9
2024-11-06,39480.67
2024-11-07,39381.41
2024-11-08,39500.37
2024-11-11,39533.32
2024-11-12,39376.09
2024-11-13,38721.66
2024-11-14,38535.7
2024-11-15,38642.91
2024-11-18,38220.85
2024-11-19,38414.43
2024-11-20,38352.34
2024-11-21,38026.17
2024-11-22,38283.85
2024-11-25,38780.14
2024-11-26,38442.0
2024-11-27,38134.97
2024-11-28,38349.06
2024-11-29,38208.03
2024-12-02,38513.02
2024-12-03,39248.86
2024-12-04,39276.39
2024-12-05,39395.6
2024-12-06,39091.17
2024-12-09,39160.5
2024-12-10,39367.58
2024-12-11,39372.23
2024-12-12,39849.14
2024-12-13,39470.44
2024-12-16,39457.49
2024-12-17,39364.68
2024-12-18,39081.71
2024-12-19,38813.58
2024-12-20,38701.9
2024-12-23,39161.34
2024-12-24,39036.85
2024-12-25,39130.43
2024-12-26,39568.06
2024-12-27,40281.16
2024-12-30,39894.54
2025-01-06,39307.05
2025-01-07,40083.3
2025-01-08,39981.06
2025-01-09,39605.09
2025-01-10,39190.4
2025-01-14,38474.3
2025-01-15,38444.58
2025-01-16,38572.6
2025-01-17,38451.46
2025-01-20,38902.5
2025-01-21,39027.98
2025-01-22,39646.25
2025-01-23,39958.87
2025-01-24,39931.98
2025-01-27,39565.8
2025-01-28,39016.87
2025-01-29,39414.78
2025-01-30,39513.97
2025-01-31,39572.49
2025-02-03,38520.09
2025-02-04,38798.37
2025-02-05,38831.48
2025-02-06,39066.53
2025-02-07,38787.02
2025-02-10,38801.17
2025-02-12,38963.7
2025-02-13,39461.47
2025-02-14,39149.43
2025-02-17,39174.25
2025-02-18,39270.4
2025-02-19,39164.61
2025-02-20,38678.04
2025-02-21,38776.94
2025-02-25,38237.79
2025-02-26,38142.37
2025-02-27,38256.17
2025-02-28,37155.5
2025-03-03,37785.47
2025-03-04,37331.18
2025-03-05,37418.24
2025-03-06,37704.93
2025-03-07,36887.17
2025-03-10,37028.27
2025-03-11,36793.11
2025-03-12,36819.09
2025-03-13,36790.03
2025-03-14,37053.1
2025-03-17,37396.52
2025-03-18,37845.42
2025-03-19,37751.88
2025-03-21,37677.06
2025-03-24,37608.49
2025-03-25,37780.54
2025-03-26,38027.29
2025-03-27,37799.97
2025-03-28,37120.33
2025-03-31,35617.56
2025-04-01,35624.48
2025-04-02,35725.87
2025-04-03,34735.93
2025-04-04,33780.58
2025-04-07,31136.58
2025-04-08,33012.58
2025-04-09,31714.03
2025-04-10,34609.0
2025-04-11,33585.58
2025-04-14,33982.36
2025-04-15,34267.54
2025-04-16,33920.4
2025-04-17,34377.6
2025-04-18,34730.28
2025-04-21,34279.92
2025-04-22,34220.6
2025-04-23,34868.63
2025-04-24,35039.15
2025-04-25,35705.74
2025-04-28,35839.99
2025-04-30,36045.38
2025-05-01,36452.3
2025-05-02,36830.69
2025-05-07,36779.66
2025-05-08,36928.63
2025-05-09,37503.33
2025-05-12,37644.26
2025-05-13,38183.26
2025-05-14,38128.13
2025-05-15,37755.51
2025-05-16,37753.72
2025-05-19,37498.63
2025-05-20,37529.49
2025-05-21,37298.98
2025-05-22,36985.87
2025-05-23,37160.47
2025-05-26,37531.53
2025-05-27,37724.11
2025-05-28,37722.4
2025-05-29,38432.98
2025-05-30,37965.1
2025-06-02,37470.67
2025-06-03,37446.81
2025-06-04,37747.45
2025-06-05,37554.49
2025-06-06,37741.61
2025-06-09,38088.57
2025-06-10,38211.51
2025-06-11,38421.19
2025-06-12,38173.09
2025-06-13,37834.25
2025-06-16,38311.33
2025-06-17,38536.74
2025-06-18,38885.15
2025-06-19,38488.34
2025-06-20,38403.23
2025-06-23,38354.09
2025-06-24,38790.56
2025-06-25,38942.07
2025-06-26,39584.58
2025-06-27,40150.79
2025-06-30,40487.39
2025-07-01,39986.33
2025-07-02,39762.48
2025-07-03,39785.9
2025-07-04,39810.88
2025-07-07,39587.68
2025-07-08,39688.81
2025-07-09,39821.28
2025-07-10,39646.36
2025-07-11,39569.68
2025-07-14,39459.62
2025-07-15,39678.02
2025-07-16,39663.4
2025-07-17,39901.19
2025-07-18,39819.11
2025-07-22,39774.92
2025-07-23,41171.32
2025-07-24,41826.34
2025-07-25,41456.23
2025-07-28,40998.27
2025-07-29,40674.55
2025-07-30,40654.7
2025-07-31,41069.82
2025-08-01,40799.6
2025-08-04,40290.7
2025-08-05,40549.54
2025-08-06,40794.86
2025-08-07,41059.15
2025-08-08,41820.48
2025-08-12,42718.17
2025-08-13,43274.67
2025-08-14,42649.26
2025-08-15,43378.31
2025-08-18,43714.31
2025-08-19,43546.29
2025-08-20,42888.55
2025-08-21,42610.17
2025-08-22,42633.29
2025-08-25,42807.82
2025-08-26,42394.4
2025-08-27,42520.27
2025-08-28,42828.79
2025-08-29,42718.47
2025-09-01,42188.79
2025-09-02,42310.49
2025-09-03,41938.89
2025-09-04,42580.27
2025-09-05,43018.75
2025-09-08,43643.81
2025-09-09,43459.29
2025-09-10,43837.67
2025-09-11,44372.5
2025-09-12,44768.12
2025-09-16,44902.27
2025-09-17,44790.38
2025-09-18,45303.43
2025-09-19,45045.81
2025-09-22,45493.66
2025-09-24,45630.31
2025-09-25,45754.93
2025-09-26,45354.99
2025-09-29,45043.75
2025-09-30,44932.63
2025-10-01,44550.85
2025-10-02,44936.73
2025-10-03,45769.5
2025-10-06,47944.76
2025-10-07,47950.88
2025-10-08,47734.99
2025-10-09,48580.44
2025-10-10,48088.8
2025-10-14,46847.32
2025-10-15,47672.67
2025-10-16,48277.74
2025-10-17,47582.15
2025-10-20,49185.5
2025-10-21,49316.06
2025-10-22,49307.79
2025-10-23,48641.61
2025-10-24,49299.65
2025-10-27,50512.32
2025-10-28,50219.18
2025-10-29,51307.65
2025-10-30,51325.61
2025-10-31,52411.34
2025-11-04,51497.2
2025-11-05,50212.27
2025-11-06,50883.68
2025-11-07,50276.37
2025-11-10,50911.76
2025-11-11,50842.93
2025-11-12,51063.31
2025-11-13,51281.83
2025-11-14,50376.53
2025-11-17,50323.91
2025-11-18,48702.98
2025-11-19,48537.7
2025-11-20,49823.94
2025-11-21,48625.88
2025-11-25,48659.52
2025-11-26,49559.07
2025-11-27,50167.1
2025-11-28,50253.91
2025-12-01,49303.28
2025-12-02,49303.45
2025-12-03,49864.68
2025-12-04,51028.42
2025-12-05,50491.87
2025-12-08,50581.94
2025-12-09,50655.1
2025-12-10,50602.8
2025-12-11,50148.82
2025-12-12,50836.55
2025-12-15,50168.11
2025-12-16,49383.29
2025-12-17,49512.28
2025-12-18,49001.5
2025-12-19,49507.21
2025-12-22,50402.39
2025-12-23,50412.87
2025-12-24,50344.1
2025-12-25,50407.79
2025-12-26,50750.39
2025-12-29,50526.92
2025-12-30,50339.48
2026-01-05,51832.8
2026-01-06,52518.08
2026-01-07,51961.98
2026-01-08,51117.26
2026-01-09,51939.89
2026-01-13,53549.16
2026-01-14,54341.23
2026-01-15,54110.5
2026-01-16,53936.17
2026-01-19,53583.57
2026-01-20,52991.1
2026-01-21,52774.64
2026-01-22,53688.89
2026-01-23,53846.87
2026-01-26,52885.25
2026-01-27,53333.54
2026-01-28,53358.71
2026-01-29,53375.6
2026-01-30,53322.85
2026-02-02,52655.18
2026-02-03,54720.66
2026-02-04,54293.36
2026-02-05,53818.04
2026-02-06,54253.68
2026-02-09,56363.94
2026-02-10,57650.54
2026-02-12,57639.84
2026-02-13,56941.97
2026-02-16,56806.41
2026-02-17,56566.49
2026-02-18,57143.84
2026-02-19,57467.83
2026-02-20,56825.7
2026-02-24,57321.09
2026-02-25,58583.12
2026-02-26,58753.39
2026-02-27,58850.27
2026-03-02,58057.24
2026-03-03,56279.05
2026-03-04,54245.54
2026-03-05,55278.06
2026-03-06,55620.84
2026-03-09,52728.72
2026-03-10,54248.39
2026-03-11,55025.37
2026-03-12,54452.96
2026-03-13,53819.61
2026-03-16,53751.15
2026-03-17,53700.39
2026-03-18,55239.4
2026-03-19,53372.53
2026-03-23,51515.49
2026-03-24,52252.28
2026-03-25,53749.62
2026-03-26,53603.65
2026-03-27,53373.07
2026-03-30,51885.85
2026-03-31,51063.72
2026-04-01,53739.68
2026-04-02,52463.27
2026-04-03,53123.49
2026-04-06,53413.68
2026-04-07,53429.56
2026-04-08,56308.42
2026-04-09,55895.32
2026-04-10,56924.11
2026-04-13,56502.77
2026-04-14,57877.39
2026-04-15,58134.24
2026-04-16,59518.34
2026-04-17,58475.9
2026-04-20,58824.89
2026-04-21,59349.17
2026-04-22,59585.86
2026-04-23,59140.23
2026-04-24,59716.18
2026-04-27,60537.36
2026-04-28,59917.46
2026-04-30,59284.92
2026-05-01,59513.12
2026-05-07,62833.84
2026-05-08,62713.65
2026-05-11,62417.88
2026-05-12,62742.57
2026-05-13,63272.11
2026-05-14,62654.05
2026-05-15,61409.29
2026-05-18,60815.95
2026-05-19,60550.59
2026-05-20,59804.41
2026-05-21,61684.14
2026-05-22,63339.07
2026-05-25,65158.19
2026-05-26,64996.09
2026-05-27,64999.41
2026-05-28,64693.12
2026-05-29,66329.5
2026-06-01,66934.33
2026-06-02,66734.24
2026-06-03,68402.13
2026-06-04,67470.69
2026-06-05,66588.12
2026-06-08,64024.6
2026-06-09,65416.63
2026-06-10,64179.27
2026-06-11,64217.27
2026-06-12,66020.04
2026-06-15,69317.5
2026-06-16,69404.5
2026-06-17,69902.25
2026-06-18,71053.49
2026-06-19,71250.06
2026-06-22,72353.96
2026-06-23,69788.38
2026-06-24,69174.97
2026-06-25,72366.34
2026-06-26,69360.88
2026-06-29,69468.11
2026-06-30,70062.32
2026-07-01,70474.96
2026-07-02,68733.15
2026-07-03,69744.07
2026-07-06,69737.69
2026-07-07,68256.96
2026-07-08,66819.05
2026-07-09,67743.85
2026-07-10,68557.73
2026-07-13,67242.73
2026-07-14,67743.5
2026-07-15,68751.51
2026-07-16,66835.54
2026-07-17,64141.12
2026-07-21,66232.19
2026-07-22,66115.6
2026-07-23,66422.6
2026-07-24,64611.15
2026-07-27,64931.19
2026-07-28,62364.92
2026-07-29,61434.19
2026-07-30,61867.43
2026-07-31,64362.02
2026-08-03,63754.9
2026-08-04,63957.53
2026-08-05,66300.44
2026-08-06,65683.26
2026-08-07,65606.71
2026-08-10,66970.22
2026-08-12,67524.06
2026-08-13,68308.59
2026-08-14,68713.8
2026-08-17,69220.25
2026-08-18,67460.73
2026-08-19,65326.42
2026-08-20,66216.79
2026-08-21,66016.36
2026-08-24,65528.09
2026-08-25,65856.43
2026-08-26,66262.16
2026-08-27,66131.98
2026-08-28,66405.56
2026-08-31,66311.93
2026-09-01,66215.34
2026-09-02,64325.64
2026-09-03,64214.48
2026-09-04,65020.94
2026-09-07,66399.84
2026-09-08,65269.33
2026-09-09,65142.78
2026-09-10,65270.95
2026-09-11,64011.34
2026-09-14,63492.99
2026-09-15,63484.1
2026-09-16,63923.0
2026-09-17,64136.25
2026-09-18,65018.95
2026-09-24,65513.99
